{"average_3": {"m": -0.023989028595164514, "n": -6.22105762345096}}