{"average_1": {"m": -0.08908080536281453, "n": -4.808388735775005}}