{"average_4": {"m": -0.011198837787046627, "n": -6.701733964123176}}