{"average_2": {"m": -0.04053517757866287, "n": -5.718461569072661}}